{
  "optimization_summary": {
    "total_episodes": 75,
    "best_episode": 13,
    "best_comprehensive_score": 0.03827179939516134,
    "improvement_metrics": {
      "accessibility_improvement": 0.05205278592375373,
      "efficiency_improvement": 0.0,
      "violations_reduction": 8
    }
  },
  "final_metrics": {
    "accessibility_score": 0.9838709677419355,
    "layout_efficiency": 0.6598307291666667,
    "total_violations": 15
  },
  "statistics": {
    "avg_accessibility": 0.9743619553783757,
    "max_accessibility": 0.9908256880733946,
    "min_violations": 15,
    "avg_violations": 18.466666666666665
  }
}